,accuracy,precision,recall,f1_score,auc_roc,mcc,training_time,confusion_matrix
TF-IDF,0.8433333333333334,0.5838509316770186,0.7768595041322314,0.6666666666666666,0.898566227850722,0.5768252846613422,0.155712,"[[412, 67], [27, 94]]"
Word2Vec,0.7983333333333333,0.0,0.0,0.0,0.5,0.0,0.793965,"[[479, 0], [121, 0]]"
SBERT,0.82,0.5355191256830601,0.8099173553719008,0.6447368421052632,0.9067444227816215,0.5511919996344525,0.290951,"[[394, 85], [23, 98]]"
Fine-tuned SBERT,0.86,0.6149068322981367,0.8181818181818182,0.7021276595744681,0.9400955848099519,0.623697514515456,0.236219,"[[417, 62], [22, 99]]"
