,accuracy,precision,recall,f1_score,auc_roc,mcc,training_time,confusion_matrix,ndcg_1,ndcg_3,ndcg_5,ndcg_10,mrr_1,mrr_3,mrr_5,mrr_10
TF-IDF,0.8433333333333334,0.5838509316770186,0.7768595041322314,0.6666666666666666,0.898566227850722,0.5768252846613422,0.149878,"[[412, 67], [27, 94]]",0.20166666666666666,0.20166666666666666,0.20166666666666666,0.20166666666666666,0.20166666666666666,0.20166666666666666,0.20166666666666666,0.20166666666666666
Word2Vec,0.7983333333333333,0.0,0.0,0.0,0.5,0.0,0.642804,"[[479, 0], [121, 0]]",0.20166666666666666,0.20166666666666666,0.20166666666666666,0.20166666666666666,0.20166666666666666,0.20166666666666666,0.20166666666666666,0.20166666666666666
SBERT,0.825,0.5439560439560439,0.8181818181818182,0.6534653465346535,0.9075035801169793,0.5629006925012836,0.27849,"[[396, 83], [22, 99]]",0.20166666666666666,0.20166666666666666,0.20166666666666666,0.20166666666666666,0.20166666666666666,0.20166666666666666,0.20166666666666666,0.20166666666666666
Fine-tuned SBERT,0.8566666666666667,0.6114649681528662,0.7933884297520661,0.6906474820143885,0.9415966459048637,0.6080074848030372,0.178818,"[[418, 61], [25, 96]]",0.20166666666666666,0.20166666666666666,0.20166666666666666,0.20166666666666666,0.20166666666666666,0.20166666666666666,0.20166666666666666,0.20166666666666666
