Model,Accuracy,Precision,Recall,F1-Score,AUC-ROC,Confusion_Matrix_TN,Confusion_Matrix_FP,Confusion_Matrix_FN,Confusion_Matrix_TP,NDCG@1,MRR@1,NDCG@3,MRR@3,NDCG@5,MRR@5,NDCG@10,MRR@10,Best_Threshold
TF-IDF + Cosine,0.9627329192546584,0.9707602339181286,0.9764705882352941,0.9736070381231672,0.9933155080213903,133,10,8,332,0.7039337474120083,0.7039337474120083,0.7039337474120083,0.7039337474120083,0.7039337474120083,0.7039337474120083,0.7039337474120083,0.7039337474120083,0.25000000000000006
Word2Vec + Average,0.8240165631469979,0.8057553956834532,0.9882352941176471,0.8877146631439894,0.7461127108185932,62,81,4,336,0.7039337474120083,0.7039337474120083,0.7039337474120083,0.7039337474120083,0.7039337474120083,0.7039337474120083,0.7039337474120083,0.7039337474120083,0.6000000000000002
SBERT (Pretrained),0.7536231884057971,0.7407407407407407,1.0,0.851063829787234,0.9994241053064583,24,119,0,340,0.7039337474120083,0.7039337474120083,0.7039337474120083,0.7039337474120083,0.7039337474120083,0.7039337474120083,0.7039337474120083,0.7039337474120083,
SBERT (Fine-tuned),0.9937888198757764,0.9912536443148688,1.0,0.9956076134699854,1.0,140,3,0,340,0.7039337474120083,0.7039337474120083,0.7039337474120083,0.7039337474120083,0.7039337474120083,0.7039337474120083,0.7039337474120083,0.7039337474120083,
