Model,Accuracy,Precision,Recall,F1-Score,AUC-ROC,Confusion_Matrix_TN,Confusion_Matrix_FP,Confusion_Matrix_FN,Confusion_Matrix_TP,Best_Threshold
TF-IDF + Cosine,0.9627329192546584,0.9707602339181286,0.9764705882352941,0.9736070381231672,0.9933155080213903,133,10,8,332,0.25000000000000006
Word2Vec + Average,0.8240165631469979,0.8102189781021898,0.9794117647058823,0.8868175765645806,0.7518510900863842,65,78,7,333,0.6000000000000002
SBERT (Pretrained),0.7536231884057971,0.7407407407407407,1.0,0.851063829787234,0.9994241053064583,24,119,0,340,
SBERT (Fine-tuned),0.9937888198757764,0.9912536443148688,1.0,0.9956076134699854,1.0,140,3,0,340,
